{
    "LN_PPLN": {
        "_O1": 4.9048,
        "_O2": 0.11775,
        "_O3": 2.2314e-8,
        "_O4": 0.21802,
        "_O5": 2.9671e-8,
        "_O6": 0.027153,
        "_O7": 2.1429e-8,
        "_E1": 5.35583,
        "_E2": 4.629e-7,
        "_E3": 0.100473,
        "_E4": 3.862e-8,
        "_E5": 0.20692,
        "_E6": 0.89e-8,
        "_E7": 100,
        "_E8": 2.657e-5,
        "_E9": 11.34927,
        "_E10": 1.5334e-2
    },
     "KTP_PPKTP": {
        "_X1": 3.29100,
        "_X2": 0.04140,
        "_X3": 0.03978,
        "_X4": 9.35522,
        "_X5": 31.45571,
        "_Y1": 3.45018,
        "_Y2": 0.04341,
        "_Y3": 0.04597,
        "_Y4": 16.98825,
        "_Y5": 39.43799,
        "_Z1": 4.59423,
        "_Z2": 0.06206,
        "_Z3": 0.04763,
        "_Z4": 110.80672,
        "_Z5": 86.12171
    },
    "BBO": {
        "_O1" : 2.7366122,
        "_O2" : 0.0185720,
        "_O3" : 0.0178746,
        "_O4" : 0.0143756,
        "_E1" : 2.3698703,
        "_E2" : 0.0128445,
        "_E3" : 0.0153064,
        "_E4" : 0.0029129
    }
}